	Peptide	superkingdom	phylum	class	order	family	genus	species
0	AQEPKLKPYFLAG							
1	DLELKEMNLDYLSMD							
2	DTSDPFLQNKWAVW							
3	DYRTTARDALA							
4	EQLKLLYSNSA							
5	FDGVLKWTVN							
6	FFQKLPRNYPEL							
7	FPRLRDNLPLF							
8	GSWWDLPGKLVT							
9	HRTLSELQSYM							
10	KKYLGVDGV							
11	KWLYLENLPDG							
12	LRWLNQTLSLPYL							
13	MSSLADRFGVPEH							
14	PKGAFLGVPLVR							
15	PPLLHGFKNQVGD							
16	SFLKDWTRVD							
17	SGWNLDFTRGLET							
18	SYLPAAKHESEMPY							
19	TDNLFLEVPVK							
20	YDLLKSWALVC							
21	YERYGVPLETL							
